Pixel,Wavenumber,Processed,Raw,Dark
300,367.69,1614.60,2214.60,600.00
301,370.00,1600.80,2198.80,598.00
302,372.31,1657.20,2252.60,595.40
303,374.62,1676.10,2261.00,584.90
304,376.93,1620.00,2205.30,585.30
305,379.23,1629.00,2240.30,611.30
306,381.54,1695.80,2309.40,613.60
307,383.84,1740.60,2345.10,604.50
308,386.14,1735.50,2332.90,597.40
309,388.44,1740.90,2500.10,759.20
310,390.74,1709.00,2470.00,761.00
311,393.03,1692.50,2285.20,592.70
312,395.33,1755.90,2346.60,590.70
313,397.62,1818.70,2405.00,586.30
314,399.91,1817.40,2397.50,580.10
315,402.20,1879.40,2470.90,591.50
316,404.49,1960.60,2554.90,594.30
317,406.77,1982.50,2569.40,586.90
318,409.06,2041.10,2644.10,603.00
319,411.34,2143.40,2737.20,593.80
320,413.62,2269.40,2850.00,580.60
321,415.90,2389.50,2974.00,584.50
322,418.18,2574.70,3161.10,586.40
323,420.45,2771.40,3362.50,591.10
324,422.73,2977.60,3588.20,610.60
325,425.00,3178.90,3789.60,610.70
326,427.27,3357.50,3948.00,590.50
327,429.54,3477.50,4702.80,1225.30
328,431.81,3565.00,4782.80,1217.80
329,434.07,3589.40,4161.90,572.50
330,436.34,3543.20,4123.30,580.10
331,438.60,3438.70,4028.10,589.40
332,440.86,3223.20,3805.70,582.50
333,443.12,3024.50,3607.70,583.20
334,445.38,2812.90,3401.40,588.50
335,447.64,2625.50,3204.90,579.40
336,449.89,2452.60,3034.40,581.80
337,452.15,2279.70,2868.30,588.60
338,454.40,2090.60,2673.90,583.30
339,456.65,1957.80,2543.60,585.80
340,458.90,1832.90,2428.40,595.50
341,461.14,1709.00,2307.70,598.70
342,463.39,1580.50,2175.80,595.30
343,465.63,1470.80,2766.60,1295.80
344,467.87,1421.60,2712.80,1291.20
345,470.11,1396.40,2004.60,608.20
346,472.35,1335.20,1946.00,610.80
347,474.59,1285.10,1866.80,581.70
348,476.82,1228.90,1823.00,594.10
349,479.06,1190.50,1798.20,607.70
350,481.29,1190.30,1803.90,613.60
351,483.52,1159.30,1772.20,612.90
352,485.75,1117.60,1704.70,587.10
353,487.98,1099.30,1680.80,581.50
354,490.20,1088.60,1671.50,582.90
355,492.43,1097.10,1680.00,582.90
356,494.65,1085.30,1664.70,579.40
357,496.87,1046.80,1624.00,577.20
358,499.09,1025.70,1604.80,579.10
359,501.31,1033.30,1609.50,576.20
360,503.53,989.80,1747.80,758.00
361,505.74,990.90,1757.00,766.10
362,507.96,1001.30,1594.00,592.70
363,510.17,959.60,1550.40,590.80
364,512.38,913.50,1493.60,580.10
365,514.59,909.20,1481.60,572.40
366,516.79,898.70,1478.60,579.90
367,519.00,870.90,1449.60,578.70
368,521.20,862.60,1446.40,583.80
369,523.41,846.10,1439.30,593.20
370,525.61,824.50,1413.50,589.00
371,527.81,805.90,1382.50,576.60
372,530.00,793.60,1372.90,579.30
373,532.20,790.90,1380.90,590.00
374,534.40,782.20,1365.10,582.90
375,536.59,785.40,1367.70,582.30
376,538.78,789.40,1370.60,581.20
377,540.97,773.40,1352.80,579.40
378,543.16,749.30,1325.70,576.40
379,545.35,706.10,1288.00,581.90
380,547.53,675.20,1262.70,587.50
381,549.71,671.40,1253.00,581.60
382,551.90,677.00,1314.90,637.90
383,554.08,678.20,1312.70,634.50
384,556.26,645.60,1214.30,568.70
385,558.44,633.70,1244.60,610.90
386,560.61,629.50,1245.20,615.70
387,562.79,605.10,1278.70,673.60
388,564.96,599.70,1277.40,677.70
389,567.13,622.10,1212.70,590.60
390,569.30,608.60,1195.10,586.50
391,571.47,579.30,1427.90,848.60
392,573.64,602.80,1447.30,844.50
393,575.80,626.50,1194.20,567.70
394,577.97,617.00,1206.40,589.40
395,580.13,603.40,1205.60,602.20
396,582.29,587.30,1166.50,579.20
397,584.45,577.20,1148.10,570.90
398,586.61,572.80,1357.00,784.20
399,588.76,572.60,1349.60,777.00
400,590.92,561.80,1132.50,570.70
401,593.07,545.50,1121.00,575.50
402,595.22,549.50,1134.10,584.60
403,597.37,554.80,1142.60,587.80
404,599.52,543.50,1121.30,577.80
405,601.67,555.60,1332.80,777.20
406,603.82,562.30,1341.30,779.00
407,605.96,535.10,1113.00,577.90
408,608.10,529.90,1107.20,577.30
409,610.25,554.60,1130.10,575.50
410,612.39,557.60,1132.00,574.40
411,614.52,561.70,1134.80,573.10
412,616.66,548.10,1132.20,584.10
413,618.80,545.40,1143.60,598.20
414,620.93,583.40,1171.20,587.80
415,623.06,596.10,1167.30,571.20
416,625.19,580.50,1154.40,573.90
417,627.32,568.90,1144.10,575.20
418,629.45,566.90,1136.10,569.20
419,631.58,586.40,1156.40,570.00
420,633.70,582.40,1152.00,569.60
421,635.83,568.30,1134.40,566.10
422,637.95,586.00,1155.20,569.20
423,640.07,593.70,1171.40,577.70
424,642.19,586.90,1164.00,577.10
425,644.31,596.80,1176.20,579.40
426,646.42,592.30,1176.40,584.10
427,648.54,570.80,1150.10,579.30
428,650.65,584.40,1159.00,574.60
429,652.76,626.40,1198.20,571.80
430,654.87,608.20,1270.00,661.80
431,656.98,590.60,1249.10,658.50
432,659.09,606.40,1179.50,573.10
433,661.20,583.10,1157.00,573.90
434,663.30,589.30,1164.00,574.70
435,665.41,583.80,1162.50,578.70
436,667.51,572.80,1140.00,567.20
437,669.61,584.00,1156.60,572.60
438,671.71,594.60,1175.20,580.60
439,673.80,599.90,1172.70,572.80
440,675.90,577.50,1148.80,571.30
441,677.99,574.20,1148.00,573.80
442,680.09,600.20,1171.40,571.20
443,682.18,598.30,1166.00,567.70
444,684.27,580.80,1148.90,568.10
445,686.36,587.50,1155.10,567.60
446,688.45,562.00,1137.30,575.30
447,690.53,549.20,1124.00,574.80
448,692.62,576.30,1141.30,565.00
449,694.70,565.50,1144.90,579.40
450,696.78,546.50,1184.10,637.60
451,698.86,541.90,1167.70,625.80
452,700.94,530.50,1096.60,566.10
453,703.02,522.20,1173.00,650.80
454,705.09,532.10,1194.30,662.20
455,707.17,534.90,1106.90,572.00
456,709.24,516.00,1088.70,572.70
457,711.31,510.30,1084.00,573.70
458,713.38,501.30,1067.60,566.30
459,715.45,501.30,1125.60,624.30
460,717.52,509.80,1131.40,621.60
461,719.58,494.60,1060.20,565.60
462,721.65,479.80,1048.00,568.20
463,723.71,478.30,1072.60,594.30
464,725.77,464.50,1058.30,593.80
465,727.83,446.70,1023.00,576.30
466,729.89,475.00,1052.20,577.20
467,731.95,482.80,1058.40,575.60
468,734.01,463.70,1033.90,570.20
469,736.06,454.60,1024.00,569.40
470,738.12,475.40,1056.10,580.70
471,740.17,492.80,1064.30,571.50
472,742.22,469.60,1037.80,568.20
473,744.27,468.30,1035.50,567.20
474,746.32,470.80,1038.20,567.40
475,748.36,476.90,1046.70,569.80
476,750.41,484.50,1045.30,560.80
477,752.45,483.30,1051.00,567.70
478,754.49,493.90,1068.90,575.00
479,756.53,523.20,1095.10,571.90
480,758.57,532.40,1095.60,563.20
481,760.61,531.60,1265.40,733.80
482,762.65,516.60,1264.90,748.30
483,764.68,497.00,1065.30,568.30
484,766.72,505.70,1068.50,562.80
485,768.75,505.70,1071.60,565.90
486,770.78,500.30,1066.10,565.80
487,772.81,522.10,1093.60,571.50
488,774.84,552.60,1117.50,564.90
489,776.87,555.80,1119.70,563.90
490,778.89,560.40,1125.10,564.70
491,780.92,587.50,1149.80,562.30
492,782.94,609.70,1181.60,571.90
493,784.96,618.80,1217.80,599.00
494,786.98,626.50,1218.00,591.50
495,789.00,645.10,1212.50,567.40
496,791.02,644.90,1212.80,567.90
497,793.03,662.10,1224.50,562.40
498,795.05,719.90,1277.90,558.00
499,797.06,737.90,1298.30,560.40
500,799.07,741.60,1316.60,575.00
501,801.09,749.30,1329.30,580.00
502,803.09,772.20,1339.00,566.80
503,805.10,797.50,1387.60,590.10
504,807.11,821.90,1414.70,592.80
505,809.11,837.10,1403.00,565.90
506,811.12,853.40,1468.30,614.90
507,813.12,860.40,1477.10,616.70
508,815.12,844.30,1422.30,578.00
509,817.12,839.20,1412.60,573.40
510,819.12,825.70,1391.50,565.80
511,821.12,819.30,1389.00,569.70
512,823.11,850.80,1418.80,568.00
513,825.11,874.40,1444.40,570.00
514,827.10,858.80,1448.50,589.70
515,829.09,857.20,1444.50,587.30
516,831.09,882.40,1442.30,559.90
517,833.07,925.50,1493.60,568.10
518,835.06,947.90,1518.70,570.80
519,837.05,962.20,1527.10,564.90
520,839.03,1011.90,1582.80,570.90
521,841.02,1042.30,1612.50,570.20
522,843.00,1080.70,1648.60,567.90
523,844.98,1146.00,1713.00,567.00
524,846.96,1197.70,1759.60,561.90
525,848.94,1268.90,1834.10,565.20
526,850.92,1381.30,1943.00,561.70
527,852.89,1509.80,2069.00,559.20
528,854.87,1675.50,2240.60,565.10
529,856.84,1868.80,2437.00,568.20
530,858.82,2121.80,2692.80,571.00
531,860.79,2499.20,3070.90,571.70
532,862.76,3036.70,3607.10,570.40
533,864.72,3806.30,4387.40,581.10
534,866.69,4816.50,5399.50,583.00
535,868.66,6261.20,6827.40,566.20
536,870.62,8287.90,8874.10,586.20
537,872.58,10781.00,11369.50,588.50
538,874.55,13637.90,14202.20,564.30
539,876.51,16666.70,17224.80,558.10
540,878.47,19159.40,19717.10,557.70
541,880.42,20756.30,21314.50,558.20
542,882.38,21388.50,21950.20,561.70
543,884.33,20635.30,21201.60,566.30
544,886.29,18703.50,19267.40,563.90
545,888.24,16054.80,16618.00,563.20
546,890.19,13138.90,13703.80,564.90
547,892.14,10357.70,10920.10,562.40
548,894.09,7950.60,8510.50,559.90
549,896.04,6117.70,6671.40,553.70
550,897.99,4772.20,5333.50,561.30
551,899.93,3792.50,4360.10,567.60
552,901.87,3121.10,3683.10,562.00
553,903.82,2598.60,3153.50,554.90
554,905.76,2187.70,2749.60,561.90
555,907.70,1910.20,2481.60,571.40
556,909.64,1686.70,2246.00,559.30
557,911.57,1497.10,2057.20,560.10
558,913.51,1368.70,1943.70,575.00
559,915.44,1282.90,1855.90,573.00
560,917.38,1187.20,1747.90,560.70
561,919.31,1114.60,1675.00,560.40
562,921.24,1069.00,1709.80,640.80
563,923.17,996.30,1635.40,639.10
564,925.10,970.50,1681.80,711.30
565,927.03,953.70,1664.80,711.10
566,928.95,895.00,1453.30,558.30
567,930.88,864.60,1429.80,565.20
568,932.80,873.20,1445.90,572.70
569,934.72,849.30,1433.10,583.80
570,936.64,819.70,1409.00,589.30
571,938.56,825.60,1433.50,607.90
572,940.48,805.80,1424.00,618.20
573,942.40,780.30,1363.60,583.30
574,944.31,770.10,1390.50,620.40
575,946.23,760.00,1376.50,616.50
576,948.14,764.60,1314.30,549.70
577,950.05,755.10,1310.50,555.40
578,951.96,742.10,1301.70,559.60
579,953.87,760.90,1331.40,570.50
580,955.78,779.40,1355.20,575.80
581,957.69,775.80,1339.40,563.60
582,959.59,756.70,1318.00,561.30
583,961.50,750.00,1311.70,561.70
584,963.40,737.20,1296.80,559.60
585,965.30,751.60,1307.10,555.50
586,967.20,765.50,1417.30,651.80
587,969.10,738.20,1396.20,658.00
588,971.00,732.20,1300.80,568.60
589,972.90,754.70,1689.80,935.10
590,974.80,749.20,1679.80,930.60
591,976.69,740.00,1298.70,558.70
592,978.58,749.80,1312.30,562.50
593,980.48,762.70,1331.00,568.30
594,982.37,747.40,1308.90,561.50
595,984.26,743.90,1313.50,569.60
596,986.15,771.30,1479.00,707.70
597,988.03,771.30,1589.60,818.30
598,989.92,779.10,1455.90,676.80
599,991.80,809.30,1356.80,547.50
600,993.69,818.10,1384.30,566.20
601,995.57,802.20,1375.40,573.20
602,997.45,832.00,1394.80,562.80
603,999.33,889.40,1511.60,622.20
604,1001.21,912.70,1528.50,615.80
605,1003.09,894.90,1459.90,565.00
606,1004.96,891.80,1763.50,871.70
607,1006.84,942.00,1805.00,863.00
608,1008.71,1004.10,1562.70,558.60
609,1010.59,1039.30,1596.10,556.80
610,1012.46,1102.60,1663.40,560.80
611,1014.33,1171.90,1730.00,558.10
612,1016.20,1204.50,1759.10,554.60
613,1018.07,1244.20,1797.80,553.60
614,1019.93,1331.70,1885.00,553.30
615,1021.80,1437.10,1996.40,559.30
616,1023.66,1577.50,2851.70,1274.20
617,1025.53,1724.80,2994.40,1269.60
618,1027.39,1879.10,2432.90,553.80
619,1029.25,2074.70,2627.90,553.20
620,1031.11,2241.00,2790.60,549.60
621,1032.97,2555.40,3110.80,555.40
622,1034.82,2961.50,3517.50,556.00
623,1036.68,3348.90,3909.70,560.80
624,1038.53,3912.50,4480.70,568.20
625,1040.39,4486.20,5044.70,558.50
626,1042.24,5045.40,5601.00,555.60
627,1044.09,5574.90,6126.60,551.70
628,1045.94,6073.10,6631.00,557.90
629,1047.79,6468.50,7038.70,570.20
630,1049.64,6706.50,7281.70,575.20
631,1051.48,6793.20,7357.60,564.40
632,1053.33,6603.50,7155.60,552.10
633,1055.17,6290.90,6845.20,554.30
634,1057.02,5958.00,6516.60,558.60
635,1058.86,5468.30,6030.60,562.30
636,1060.70,4975.10,5537.40,562.30
637,1062.54,4627.70,5189.50,561.80
638,1064.38,4337.70,4893.20,555.50
639,1066.21,4108.00,4658.50,550.50
640,1068.05,3884.80,4438.80,554.00
641,1069.89,3790.60,4347.40,556.80
642,1071.72,3839.20,4396.90,557.70
643,1073.55,3911.30,4464.70,553.40
644,1075.38,4025.10,4578.40,553.30
645,1077.21,4190.40,4757.10,566.70
646,1079.04,4421.30,4986.80,565.50
647,1080.87,4719.40,5272.30,552.90
648,1082.70,5070.30,5673.60,603.30
649,1084.52,5466.40,6074.40,608.00
650,1086.35,5924.80,6489.80,565.00
651,1088.17,6348.10,6925.40,577.30
652,1089.99,6705.10,7272.40,567.30
653,1091.81,6993.00,7546.30,553.30
654,1093.63,7118.00,7676.10,558.10
655,1095.45,7130.70,7689.90,559.20
656,1097.27,7000.20,7561.40,561.20
657,1099.09,6657.80,7219.80,562.00
658,1100.90,6174.30,6731.10,556.80
659,1102.71,5639.90,6195.60,555.70
660,1104.53,5127.90,5681.10,553.20
661,1106.34,4614.30,5163.60,549.30
662,1108.15,4199.60,4751.10,551.50
663,1109.96,3925.20,4480.40,555.20
664,1111.77,3658.00,4218.90,560.90
665,1113.57,3413.20,3974.70,561.50
666,1115.38,3191.30,3748.00,556.70
667,1117.19,3043.10,3601.30,558.20
668,1118.99,2939.30,3501.10,561.80
669,1120.79,2818.10,3376.40,558.30
670,1122.59,2673.10,3226.10,553.00
671,1124.39,2550.70,3108.40,557.70
672,1126.19,2396.10,2956.00,559.90
673,1127.99,2217.70,2783.70,566.00
674,1129.79,2097.80,2658.30,560.50
675,1131.58,1989.70,2539.30,549.60
676,1133.38,1864.90,2418.00,553.10
677,1135.17,1738.00,2402.60,664.60
678,1136.97,1632.50,2299.90,667.40
679,1138.76,1554.70,2106.40,551.70
680,1140.55,1440.90,1989.30,548.40
681,1142.34,1353.70,1906.30,552.60
682,1144.12,1335.90,2092.30,756.40
683,1145.91,1264.70,2024.60,759.90
684,1147.70,1215.50,1769.90,554.40
685,1149.48,1192.60,1741.50,548.90
686,1151.27,1128.40,1679.30,550.90
687,1153.05,1097.50,1649.80,552.30
688,1154.83,1065.10,1626.10,561.00
689,1156.61,1022.00,1580.00,558.00
690,1158.39,1009.10,1562.10,553.00
691,1160.17,975.30,1538.50,563.20
692,1161.94,900.80,1475.30,574.50
693,1163.72,865.20,1431.40,566.20
694,1165.49,845.60,1410.60,565.00
695,1167.27,834.70,1406.30,571.60
696,1169.04,819.20,1472.80,653.60
697,1170.81,793.20,1444.80,651.60
698,1172.58,803.30,1380.00,576.70
699,1174.35,783.10,1358.30,575.20
700,1176.12,789.20,1341.20,552.00
701,1177.89,806.80,1356.00,549.20
702,1179.65,784.10,1333.80,549.70
703,1181.42,776.70,1329.80,553.10
704,1183.18,778.50,1331.50,553.00
705,1184.94,799.20,1349.40,550.20
706,1186.70,781.50,1345.10,563.60
707,1188.46,762.40,3384.20,2621.80
708,1190.22,779.60,3391.10,2611.50
709,1191.98,792.80,1352.80,560.00
710,1193.74,789.50,1347.80,558.30
711,1195.50,793.80,1345.60,551.80
712,1197.25,803.00,1379.40,576.40
713,1199.00,818.10,1400.00,581.90
714,1200.76,818.30,1377.80,559.50
715,1202.51,815.90,1367.10,551.20
716,1204.26,850.00,1419.80,569.80
717,1206.01,875.70,1446.90,571.20
718,1207.76,875.20,1426.50,551.30
719,1209.51,870.50,1435.10,564.60
720,1211.25,895.20,1459.30,564.10
721,1213.00,910.50,1458.10,547.60
722,1214.74,941.20,1492.60,551.40
723,1216.48,966.80,1524.90,558.10
724,1218.23,975.90,1530.20,554.30
725,1219.97,994.50,1549.40,554.90
726,1221.71,1018.20,1573.90,555.70
727,1223.45,1053.80,1607.90,554.10
728,1225.18,1083.80,1640.90,557.10
729,1226.92,1122.20,1688.20,566.00
730,1228.66,1153.90,1712.90,559.00
731,1230.39,1177.90,2671.50,1493.60
732,1232.13,1205.30,2703.80,1498.50
733,1233.86,1227.10,1778.80,551.70
734,1235.59,1265.70,1818.40,552.70
735,1237.32,1310.60,1870.50,559.90
736,1239.05,1326.30,1882.50,556.20
737,1240.78,1340.40,1890.40,550.00
738,1242.51,1399.00,1947.80,548.80
739,1244.23,1470.90,2019.30,548.40
740,1245.96,1493.00,2149.20,656.20
741,1247.68,1522.30,2181.80,659.50
742,1249.40,1542.80,2097.40,554.60
743,1251.13,1577.10,2128.50,551.40
744,1252.85,1664.40,2218.20,553.80
745,1254.57,1727.90,2291.50,563.60
746,1256.29,1803.20,2359.00,555.80
747,1258.00,1931.30,2472.10,540.80
748,1259.72,2021.60,2566.30,544.70
749,1261.44,2139.40,2691.40,552.00
750,1263.15,2319.90,2870.80,550.90
751,1264.86,2511.50,3197.70,686.20
752,1266.58,2725.90,3416.30,690.40
753,1268.29,2921.00,3483.50,562.50
754,1270.00,3129.10,3688.10,559.00
755,1271.71,3320.50,3875.30,554.80
756,1273.42,3460.00,4019.00,559.00
757,1275.12,3514.30,4083.10,568.80
758,1276.83,3509.80,4077.10,567.30
759,1278.54,3479.50,4036.50,557.00
760,1280.24,3337.70,3892.10,554.40
761,1281.94,3172.90,3719.80,546.90
762,1283.65,3016.60,3564.50,547.90
763,1285.35,2824.50,3379.90,555.40
764,1287.05,2627.60,3182.60,555.00
765,1288.75,2452.90,3004.40,551.50
766,1290.44,2294.10,2841.00,546.90
767,1292.14,2160.00,2701.70,541.70
768,1293.84,2075.30,2619.30,544.00
769,1295.53,1988.30,2536.00,547.70
770,1297.23,1901.90,2447.20,545.30
771,1298.92,1847.10,2391.00,543.90
772,1300.61,1775.80,2326.80,551.00
773,1302.30,1708.40,2259.10,550.70
774,1303.99,1687.40,2307.10,619.70
775,1305.68,1688.90,2311.50,622.60
776,1307.37,1672.40,2225.80,553.40
777,1309.06,1616.40,2178.90,562.50
778,1310.74,1589.70,2167.90,578.20
779,1312.43,1577.90,2143.90,566.00
780,1314.11,1581.20,2127.10,545.90
781,1315.80,1576.80,2124.90,548.10
782,1317.48,1558.20,2104.60,546.40
783,1319.16,1551.90,2099.70,547.80
784,1320.84,1544.90,2105.90,561.00
785,1322.52,1542.20,2101.90,559.70
786,1324.20,1544.70,2093.30,548.60
787,1325.87,1559.80,2104.40,544.60
788,1327.55,1563.20,2116.00,552.80
789,1329.22,1573.70,2155.00,581.30
790,1330.90,1588.20,2161.70,573.50
791,1332.57,1567.10,2118.30,551.20
792,1334.24,1550.50,2101.70,551.20
793,1335.91,1589.30,2147.90,558.60
794,1337.58,1608.70,2166.80,558.10
795,1339.25,1595.40,2295.90,700.50
796,1340.92,1602.60,2306.00,703.40
797,1342.59,1591.60,2145.80,554.20
798,1344.25,1586.00,2140.60,554.60
799,1345.92,1592.60,2142.00,549.40
800,1347.58,1611.30,2158.00,546.70
801,1349.24,1638.00,2187.20,549.20
802,1350.91,1623.30,2171.00,547.70
803,1352.57,1628.30,2176.20,547.90
804,1354.23,1672.90,2221.30,548.40
805,1355.89,1725.00,2275.30,550.30
806,1357.54,1730.20,2285.10,554.90
807,1359.20,1736.40,2300.60,564.20
808,1360.86,1762.60,2321.80,559.20
809,1362.51,1769.10,2317.40,548.30
810,1364.17,1781.20,2336.60,555.40
811,1365.82,1811.30,2365.50,554.20
812,1367.47,1864.40,2639.80,775.40
813,1369.12,1898.10,2671.00,772.90
814,1370.77,1938.40,2483.10,544.70
815,1372.42,1980.70,2528.80,548.10
816,1374.07,2017.10,2564.90,547.80
817,1375.72,2074.40,2621.50,547.10
818,1377.37,2124.80,2677.90,553.10
819,1379.01,2126.00,2677.50,551.50
820,1380.66,2123.90,2669.90,546.00
821,1382.30,2205.20,2754.60,549.40
822,1383.94,2257.90,2811.20,553.30
823,1385.58,2252.80,2805.70,552.90
824,1387.22,2276.70,2826.80,550.10
825,1388.86,2295.60,2844.60,549.00
826,1390.50,2310.00,2860.10,550.10
827,1392.14,2326.50,2877.10,550.60
828,1393.78,2310.40,2864.90,554.50
829,1395.41,2344.40,2895.30,550.90
830,1397.05,2416.80,2965.10,548.30
831,1398.68,2438.40,2989.00,550.60
832,1400.31,2451.70,3002.10,550.40
833,1401.95,2464.40,3013.60,549.20
834,1403.58,2498.40,3271.80,773.40
835,1405.21,2580.90,3354.30,773.40
836,1406.84,2654.10,3204.20,550.10
837,1408.46,2704.90,3266.40,561.50
838,1410.09,2726.80,3289.00,562.20
839,1411.72,2782.70,3336.90,554.20
840,1413.34,2834.00,3392.00,558.00
841,1414.97,2815.50,3369.80,554.30
842,1416.59,2885.90,3490.90,605.00
843,1418.21,3013.30,3627.60,614.30
844,1419.83,3052.70,3612.60,559.90
845,1421.46,3081.70,3634.80,553.10
846,1423.07,3179.10,3732.10,553.00
847,1424.69,3275.70,3834.70,559.00
848,1426.31,3335.50,3897.40,561.90
849,1427.93,3404.50,3960.50,556.00
850,1429.54,3491.70,5117.70,1626.00
851,1431.16,3653.40,5285.10,1631.70
852,1432.77,3817.80,4374.30,556.50
853,1434.39,3972.60,4523.30,550.70
854,1436.00,4172.80,4722.20,549.40
855,1437.61,4405.60,4956.50,550.90
856,1439.22,4673.60,5226.10,552.50
857,1440.83,4990.30,5540.60,550.30
858,1442.44,5380.10,5926.50,546.40
859,1444.04,5781.30,6330.30,549.00
860,1445.65,6168.10,6719.90,551.80
861,1447.26,6564.40,7114.40,550.00
862,1448.86,6982.70,7532.60,549.90
863,1450.47,7312.60,7859.80,547.20
864,1452.07,7555.90,8101.00,545.10
865,1453.67,7667.90,8209.60,541.70
866,1455.27,7604.40,8152.00,547.60
867,1456.87,7477.60,8032.20,554.60
868,1458.47,7184.10,7745.00,560.90
869,1460.07,6808.20,7375.30,567.10
870,1461.67,6408.50,6969.20,560.70
871,1463.26,5964.20,6521.70,557.50
872,1464.86,5609.40,6164.10,554.70
873,1466.45,5277.00,5826.00,549.00
874,1468.05,4898.40,5448.00,549.60
875,1469.64,4621.60,5170.60,549.00
876,1471.23,4432.50,5180.10,747.60
877,1472.82,4250.80,5000.20,749.40
878,1474.41,4144.30,4692.20,547.90
879,1476.00,4033.80,4582.10,548.30
880,1477.59,3946.50,4493.20,546.70
881,1479.18,3950.40,4504.40,554.00
882,1480.76,3922.70,4533.90,611.20
883,1482.35,3846.70,4450.90,604.20
884,1483.93,3751.20,4305.00,553.80
885,1485.52,3685.10,4239.90,554.80
886,1487.10,3563.20,4109.50,546.30
887,1488.68,3362.70,3904.50,541.80
888,1490.26,3203.90,3748.10,544.20
889,1491.84,3092.80,3648.20,555.40
890,1493.42,2916.90,3470.70,553.80
891,1495.00,2738.60,3286.10,547.50
892,1496.58,2634.80,3185.60,550.80
893,1498.15,2519.20,3065.90,546.70
894,1499.73,2389.20,2936.40,547.20
895,1501.30,2282.90,2833.50,550.60
896,1502.88,2212.60,2757.40,544.80
897,1504.45,2136.00,2676.60,540.60
898,1506.02,2027.10,2570.50,543.40
899,1507.59,1969.40,2519.80,550.40
900,1509.16,1924.10,2473.40,549.30
901,1510.73,1853.20,2396.30,543.10
902,1512.30,1815.20,2362.40,547.20
903,1513.87,1746.60,2294.90,548.30
904,1515.44,1700.30,2248.90,548.60
905,1517.00,1700.90,2259.60,558.70
906,1518.57,1651.70,2207.90,556.20
907,1520.13,1566.30,2109.80,543.50
908,1521.69,1561.30,2105.30,544.00
909,1523.26,1548.10,2096.40,548.30
910,1524.82,1478.00,2027.20,549.20
911,1526.38,1447.70,1995.80,548.10
912,1527.94,1429.10,2031.80,602.70
913,1529.50,1405.00,2009.40,604.40
914,1531.05,1389.10,1939.80,550.70
915,1532.61,1385.30,1937.50,552.20
916,1534.17,1357.70,1908.20,550.50
917,1535.72,1308.30,1863.70,555.40
918,1537.28,1257.40,1810.00,552.60
919,1538.83,1258.20,1808.30,550.10
920,1540.38,1255.20,1808.60,553.40
921,1541.93,1211.10,1766.90,555.80
922,1543.48,1195.00,1756.40,561.40
923,1545.03,1175.50,1766.60,591.10
924,1546.58,1173.60,1762.80,589.20
925,1548.13,1153.70,1706.50,552.80
926,1549.68,1124.50,1668.50,544.00
927,1551.23,1099.70,1639.60,539.90
928,1552.77,1080.60,1623.50,542.90
929,1554.32,1083.00,1627.70,544.70
930,1555.86,1055.20,1603.20,548.00
931,1557.40,1034.70,1580.20,545.50
932,1558.95,1034.60,1581.20,546.60
933,1560.49,1019.60,1571.30,551.70
934,1562.03,1004.80,1571.70,566.90
935,1563.57,996.10,1588.40,592.30
936,1565.11,958.70,1530.40,571.70
937,1566.64,950.70,1493.80,543.10
938,1568.18,960.70,1558.40,597.70
939,1569.72,927.70,1524.20,596.50
940,1571.25,915.70,1459.10,543.40
941,1572.79,916.80,1465.50,548.70
942,1574.32,926.10,1477.20,551.10
943,1575.85,924.40,1512.60,588.20
944,1577.38,895.80,1474.70,578.90
945,1578.92,900.20,1441.50,541.30
946,1580.45,907.40,1451.30,543.90
947,1581.98,879.50,1422.20,542.70
948,1583.50,874.60,1721.80,847.20
949,1585.03,867.50,1715.20,847.70
950,1586.56,837.90,1386.60,548.70
951,1588.08,856.90,1458.70,601.80
952,1589.61,847.70,1451.80,604.10
953,1591.13,791.80,1438.50,646.70
954,1592.66,806.60,1519.80,713.20
955,1594.18,834.20,1447.40,613.20
956,1595.70,812.70,1352.40,539.70
957,1597.22,804.40,1346.60,542.20
958,1598.74,810.70,1352.10,541.40
959,1600.26,798.00,1342.20,544.20
960,1601.78,791.20,1341.70,550.50
961,1603.30,793.40,1339.90,546.50
962,1604.82,810.30,1357.60,547.30
963,1606.33,814.60,1362.10,547.50
964,1607.85,800.20,1345.60,545.40
965,1609.36,816.80,1356.60,539.80
966,1610.87,808.10,1340.90,532.80
967,1612.39,799.20,1341.40,542.20
968,1613.90,812.50,1363.40,550.90
969,1615.41,788.50,1335.40,546.90
970,1616.92,795.40,1341.00,545.60
971,1618.43,799.00,1343.00,544.00
972,1619.94,758.60,1713.40,954.80
973,1621.45,770.80,1732.00,961.20
974,1622.95,765.30,1317.10,551.80
975,1624.46,733.80,1278.80,545.00
976,1625.96,753.70,1294.50,540.80
977,1627.47,754.10,1295.70,541.60
978,1628.97,732.60,1282.40,549.80
979,1630.47,721.80,1276.10,554.30
980,1631.98,732.50,1280.90,548.40
981,1633.48,726.40,1274.10,547.70
982,1634.98,680.00,1226.00,546.00
983,1636.48,675.30,1218.30,543.00
984,1637.98,693.70,1236.60,542.90
985,1639.47,663.00,1204.80,541.80
986,1640.97,640.60,1183.50,542.90
987,1642.47,646.20,1193.80,547.60
988,1643.96,646.70,1199.40,552.70
989,1645.46,626.50,1174.50,548.00
990,1646.95,614.90,1160.00,545.10
991,1648.44,639.40,1190.10,550.70
992,1649.94,632.30,1184.20,551.90
993,1651.43,607.40,1153.20,545.80
994,1652.92,581.20,1122.10,540.90
995,1654.41,577.60,1118.00,540.40
996,1655.90,577.80,1121.30,543.50
997,1657.38,555.80,1139.80,584.00
998,1658.87,565.20,1144.60,579.40
999,1660.36,552.90,1092.50,539.60
1000,1661.84,540.20,1081.00,540.80
1001,1663.33,546.80,1089.30,542.50
1002,1664.81,564.60,1108.40,543.80
1003,1666.30,570.70,1113.30,542.60
1004,1667.78,549.60,1090.50,540.90
1005,1669.26,533.60,1074.60,541.00
1006,1670.74,526.00,1073.80,547.80
1007,1672.22,520.50,1066.90,546.40
1008,1673.70,502.10,1099.40,597.30
1009,1675.18,476.50,1073.80,597.30
1010,1676.66,465.50,1009.70,544.20
1011,1678.13,470.80,1017.40,546.60
1012,1679.61,487.60,1029.60,542.00
1013,1681.09,473.40,1014.70,541.30
1014,1682.56,464.50,1010.20,545.70
1015,1684.03,471.90,1020.00,548.10
1016,1685.51,449.20,995.60,546.40
1017,1686.98,447.20,988.70,541.50
1018,1688.45,457.70,1011.80,554.10
1019,1689.92,455.20,1016.90,561.70
1020,1691.39,428.40,972.90,544.50
1021,1692.86,412.20,1053.10,640.90
1022,1694.33,436.80,1078.60,641.80
1023,1695.80,433.40,980.00,546.60
1024,1697.26,399.60,953.70,554.10
1025,1698.73,394.00,953.20,559.20
1026,1700.19,403.50,960.50,557.00
1027,1701.66,404.00,948.40,544.40
1028,1703.12,402.10,1056.40,654.30
1029,1704.58,390.40,1046.20,655.80
1030,1706.05,382.90,923.30,540.40
1031,1707.51,396.80,983.80,587.00
1032,1708.97,396.30,988.80,592.50
1033,1710.43,370.60,914.40,543.80
1034,1711.89,363.20,960.90,597.70
1035,1713.34,375.30,977.00,601.70
1036,1714.80,367.00,912.90,545.90
1037,1716.26,357.30,901.70,544.40
1038,1717.71,356.50,896.80,540.30
1039,1719.17,358.00,901.00,543.00
1040,1720.62,364.10,911.50,547.40
1041,1722.08,373.90,916.80,542.90
1042,1723.53,384.70,924.00,539.30
1043,1724.98,368.60,911.80,543.20
1044,1726.43,335.70,883.60,547.90
1045,1727.88,342.80,1160.80,818.00
1046,1729.33,360.70,1175.40,814.70
1047,1730.78,355.90,898.40,542.50
1048,1732.23,346.40,901.80,555.40
1049,1733.68,335.30,889.70,554.40
1050,1735.13,328.90,875.80,546.90
1051,1736.57,320.30,872.00,551.70
1052,1738.02,325.50,874.80,549.30
1053,1739.46,318.50,866.40,547.90
1054,1740.90,313.90,857.90,544.00
1055,1742.35,329.10,869.80,540.70
1056,1743.79,314.60,860.40,545.80
1057,1745.23,304.00,848.20,544.20
1058,1746.67,308.20,846.60,538.40
1059,1748.11,312.40,855.20,542.80
1060,1749.55,314.70,862.00,547.30
1061,1750.99,314.80,858.90,544.10
1062,1752.43,312.10,855.90,543.80
1063,1753.86,299.30,848.10,548.80
1064,1755.30,308.40,853.10,544.70
1065,1756.73,307.80,850.60,542.80
1066,1758.17,298.30,844.20,545.90
1067,1759.60,293.90,836.80,542.90
1068,1761.04,294.20,836.60,542.40
1069,1762.47,284.00,838.00,554.00
1070,1763.90,278.10,1761.00,1482.90
1071,1765.33,304.60,1771.80,1467.20
1072,1766.76,329.00,875.80,546.80
1073,1768.19,314.50,865.60,551.10
1074,1769.62,285.00,826.10,541.10
1075,1771.05,285.60,831.70,546.10
1076,1772.47,283.10,833.10,550.00
1077,1773.90,275.60,820.30,544.70
1078,1775.33,277.60,816.30,538.70
1079,1776.75,285.20,825.60,540.40
1080,1778.18,278.90,823.10,544.20
1081,1779.60,274.60,817.20,542.60
1082,1781.02,270.50,811.70,541.20
1083,1782.44,261.40,798.80,537.40
1084,1783.87,262.80,801.90,539.10
1085,1785.29,262.50,806.10,543.60
1086,1786.71,273.40,814.90,541.50
1087,1788.12,269.50,869.20,599.70
1088,1789.54,258.60,858.60,600.00
1089,1790.96,257.00,800.90,543.90
1090,1792.38,247.80,793.20,545.40
1091,1793.79,252.00,801.40,549.40
1092,1795.21,269.50,815.40,545.90
1093,1796.62,254.50,800.20,545.70
1094,1798.04,246.50,804.10,557.60
1095,1799.45,252.00,803.90,551.90
1096,1800.86,234.00,827.40,593.40
1097,1802.28,218.70,824.60,605.90
1098,1803.69,229.00,781.70,552.70
1099,1805.10,234.10,943.50,709.40
1100,1806.51,224.50,937.50,713.00
1101,1807.92,221.50,770.30,548.80
1102,1809.32,212.20,827.00,614.80
1103,1810.73,217.70,833.60,615.90
1104,1812.14,221.80,771.20,549.40
1105,1813.54,226.30,774.40,548.10
1106,1814.95,224.30,772.50,548.20
1107,1816.35,204.20,800.10,595.90
1108,1817.76,201.20,804.40,603.20
1109,1819.16,212.20,762.50,550.30
1110,1820.56,187.60,740.40,552.80
1111,1821.97,176.00,731.10,555.10
1112,1823.37,195.80,739.40,543.60
1113,1824.77,194.50,744.80,550.30
1114,1826.17,187.30,739.10,551.80
1115,1827.57,183.20,734.90,551.70
1116,1828.96,179.10,730.50,551.40
1117,1830.36,176.70,716.70,540.00
1118,1831.76,180.80,720.90,540.10
1119,1833.15,188.70,729.30,540.60
1120,1834.55,190.00,724.40,534.40
1121,1835.94,181.60,718.70,537.10
1122,1837.34,180.00,724.30,544.30
1123,1838.73,178.70,729.70,551.00
1124,1840.12,173.40,721.10,547.70
1125,1841.52,169.60,710.40,540.80
1126,1842.91,169.50,718.00,548.50
1127,1844.30,169.00,1147.30,978.30
1128,1845.69,172.70,1146.50,973.80
1129,1847.08,176.70,718.90,542.20
1130,1848.46,167.80,708.00,540.20
1131,1849.85,158.20,706.90,548.70
1132,1851.24,155.40,702.20,546.80
1133,1852.62,147.20,707.20,560.00
1134,1854.01,143.10,706.00,562.90
1135,1855.40,155.00,704.40,549.40
1136,1856.78,150.60,702.00,551.40
1137,1858.16,148.20,722.50,574.30
1138,1859.55,171.60,744.70,573.10
1139,1860.93,175.40,719.30,543.90
1140,1862.31,167.20,709.40,542.20
1141,1863.69,166.90,706.80,539.90
1142,1865.07,154.00,692.20,538.20
1143,1866.45,149.10,738.60,589.50
1144,1867.83,150.90,746.70,595.80
1145,1869.21,156.90,704.40,547.50
1146,1870.58,162.20,705.10,542.90
1147,1871.96,150.00,690.40,540.40
1148,1873.34,152.90,706.50,553.60
1149,1874.71,153.70,715.60,561.90
1150,1876.09,140.10,693.60,553.50
1151,1877.46,138.20,691.10,552.90
1152,1878.83,138.00,687.80,549.80
1153,1880.20,142.30,685.90,543.60
1154,1881.58,146.50,684.20,537.70
1155,1882.95,135.90,678.00,542.10
1156,1884.32,140.10,771.90,631.80
1157,1885.69,150.00,827.80,677.80
1158,1887.06,136.20,734.00,597.80
1159,1888.43,129.70,684.30,554.60
1160,1889.79,128.30,680.50,552.20
1161,1891.16,121.70,664.10,542.40
1162,1892.53,131.10,674.50,543.40
1163,1893.89,141.20,685.40,544.20
1164,1895.26,131.10,678.20,547.10
1165,1896.62,137.50,681.00,543.50
1166,1897.99,143.20,677.40,534.20
1167,1899.35,131.20,670.80,539.60
1168,1900.71,138.10,683.70,545.60
1169,1902.07,132.20,680.30,548.10
1170,1903.43,136.40,681.70,545.30
1171,1904.79,140.90,683.00,542.10
1172,1906.15,132.90,679.60,546.70
1173,1907.51,127.80,674.50,546.70
1174,1908.87,121.70,660.30,538.60
1175,1910.23,134.40,673.00,538.60
1176,1911.59,128.80,664.60,535.80
1177,1912.94,128.40,662.30,533.90
1178,1914.30,146.00,678.70,532.70
1179,1915.65,129.00,660.60,531.60
1180,1917.01,118.10,656.60,538.50
1181,1918.36,117.40,819.40,702.00
1182,1919.71,115.10,813.20,698.10
1183,1921.07,115.60,662.10,546.50
1184,1922.42,120.60,677.40,556.80
1185,1923.77,112.30,661.80,549.50
1186,1925.12,102.70,661.50,558.80
1187,1926.47,121.00,676.40,555.40
1188,1927.82,124.80,664.00,539.20
1189,1929.17,120.60,691.10,570.50
1190,1930.51,112.20,687.90,575.70
1191,1931.86,111.30,660.10,548.80
1192,1933.21,121.70,664.50,542.80
1193,1934.55,114.00,653.40,539.40
1194,1935.90,104.40,645.40,541.00
1195,1937.24,111.90,650.90,539.00
1196,1938.59,117.80,660.60,542.80
1197,1939.93,112.80,660.60,547.80
1198,1941.27,100.80,640.30,539.50
1199,1942.61,96.30,630.20,533.90
1200,1943.96,108.20,646.90,538.70
1201,1945.30,115.80,658.90,543.10
1202,1946.64,114.30,663.10,548.80
1203,1947.98,110.30,659.00,548.70
1204,1949.31,103.00,645.90,542.90
1205,1950.65,102.60,646.30,543.70
1206,1951.99,101.30,656.00,554.70
1207,1953.33,95.10,647.70,552.60
1208,1954.66,101.50,641.70,540.20
1209,1956.00,105.90,647.80,541.90
1210,1957.33,93.70,639.30,545.60
1211,1958.67,99.40,688.00,588.60
1212,1960.00,102.20,695.60,593.40
1213,1961.33,93.70,643.20,549.50
1214,1962.66,94.30,634.00,539.70
1215,1964.00,93.70,630.60,536.90
1216,1965.33,101.70,641.90,540.20
1217,1966.66,96.10,640.90,544.80
1218,1967.99,83.20,626.30,543.10
1219,1969.32,89.10,627.70,538.60
1220,1970.64,88.40,627.70,539.30
1221,1971.97,80.60,620.60,540.00
1222,1973.30,78.40,619.80,541.40
1223,1974.63,94.40,924.90,830.50
1224,1975.95,96.40,927.80,831.40
1225,1977.28,74.70,616.10,541.40
1226,1978.60,73.10,608.70,535.60
1227,1979.93,84.90,618.80,533.90
1228,1981.25,90.60,628.50,537.90
1229,1982.57,82.30,630.20,547.90
1230,1983.89,79.40,674.40,595.00
1231,1985.22,85.20,676.80,591.60
1232,1986.54,76.90,703.70,626.80
1233,1987.86,76.50,712.30,635.80
1234,1989.18,82.10,639.00,556.90
1235,1990.50,70.60,611.20,540.60
1236,1991.81,71.60,892.60,821.00
1237,1993.13,83.20,905.50,822.30
1238,1994.45,76.80,613.80,537.00
1239,1995.76,62.00,802.10,740.10
1240,1997.08,58.50,799.80,741.30
1241,1998.40,62.70,601.90,539.20
1242,1999.71,70.00,607.30,537.30
1243,2001.02,72.20,612.90,540.70
1244,2002.34,64.20,606.00,541.80
1245,2003.65,65.60,604.90,539.30
1246,2004.96,64.90,604.90,540.00
1247,2006.27,64.00,613.10,549.10
1248,2007.59,66.00,614.00,548.00
1249,2008.90,63.70,610.70,547.00
1250,2010.21,64.90,695.70,630.80
1251,2011.51,62.90,692.60,629.70
1252,2012.82,56.80,610.50,553.70
1253,2014.13,64.40,606.50,542.10
1254,2015.44,67.60,602.70,535.10
1255,2016.74,56.20,599.50,543.30
1256,2018.05,63.90,604.00,540.10
1257,2019.36,64.10,605.70,541.60
1258,2020.66,58.80,610.20,551.40
1259,2021.96,57.90,608.00,550.10
1260,2023.27,55.40,600.00,544.60
1261,2024.57,59.70,999.90,940.20
1262,2025.87,66.80,1005.10,938.30
1263,2027.18,64.00,605.10,541.10
1264,2028.48,51.70,594.90,543.20
1265,2029.78,57.30,598.90,541.60
1266,2031.08,59.70,601.50,541.80
1267,2032.38,51.40,591.30,539.90
1268,2033.68,55.00,591.90,536.90
1269,2034.97,60.70,603.30,542.60
1270,2036.27,62.10,605.30,543.20
1271,2037.57,63.50,606.90,543.40
1272,2038.86,58.30,606.20,547.90
1273,2040.16,53.70,594.90,541.20
1274,2041.46,58.40,597.50,539.10
1275,2042.75,55.90,597.20,541.30
1276,2044.04,51.40,588.50,537.10
1277,2045.34,52.00,591.30,539.30
1278,2046.63,53.20,591.40,538.20
1279,2047.92,59.90,593.00,533.10
1280,2049.21,63.70,606.40,542.70
1281,2050.50,63.40,608.40,545.00
1282,2051.79,61.10,600.50,539.40
1283,2053.08,60.60,605.50,544.90
1284,2054.37,60.70,605.50,544.80
1285,2055.66,53.80,594.10,540.30
1286,2056.95,54.40,594.90,540.50
1287,2058.24,56.20,603.00,546.80
1288,2059.52,56.80,599.00,542.20
1289,2060.81,56.30,592.90,536.60
1290,2062.10,50.80,590.60,539.80
1291,2063.38,55.10,610.20,555.10
1292,2064.67,62.70,664.90,602.20
1293,2065.95,54.50,641.10,586.60
1294,2067.23,50.50,591.90,541.40
1295,2068.52,50.00,601.60,551.60
1296,2069.80,52.00,600.70,548.70
1297,2071.08,57.30,598.20,540.90
1298,2072.36,54.50,601.90,547.40
1299,2073.64,59.30,599.50,540.20
1300,2074.92,52.60,587.70,535.10
1301,2076.20,44.80,587.10,542.30
1302,2077.48,41.10,585.70,544.60
1303,2078.76,39.00,663.60,624.60
1304,2080.03,52.70,740.40,687.70
1305,2081.31,62.00,678.50,616.50
1306,2082.59,55.60,607.30,551.70
1307,2083.86,48.00,588.90,540.90
1308,2085.14,47.40,588.00,540.60
1309,2086.41,52.90,592.00,539.10
1310,2087.69,51.00,588.00,537.00
1311,2088.96,47.90,587.70,539.80
1312,2090.23,49.30,590.50,541.20
1313,2091.51,52.20,595.40,543.20
1314,2092.78,51.70,596.10,544.40
1315,2094.05,54.60,600.50,545.90
1316,2095.32,52.70,594.60,541.90
1317,2096.59,41.80,577.60,535.80
1318,2097.86,46.10,591.50,545.40
1319,2099.13,43.90,592.60,548.70
1320,2100.40,44.60,583.90,539.30
1321,2101.66,49.00,589.10,540.10
1322,2102.93,41.60,594.80,553.20
1323,2104.20,43.90,591.40,547.50
1324,2105.46,44.60,582.30,537.70
1325,2106.73,47.80,587.10,539.30
1326,2107.99,50.20,588.10,537.90
1327,2109.26,47.00,588.60,541.60
1328,2110.52,42.40,585.60,543.20
1329,2111.79,34.90,578.10,543.20
1330,2113.05,38.70,578.80,540.10
1331,2114.31,39.70,574.40,534.70
1332,2115.57,36.80,574.10,537.30
1333,2116.83,42.60,580.00,537.40
1334,2118.09,41.00,577.60,536.60
1335,2119.35,39.30,653.80,614.50
1336,2120.61,42.90,658.00,615.10
1337,2121.87,39.70,585.20,545.50
1338,2123.13,43.80,589.40,545.60
1339,2124.39,45.30,582.40,537.10
1340,2125.64,42.20,577.20,535.00
1341,2126.90,34.50,580.30,545.80
1342,2128.16,30.70,574.40,543.70
1343,2129.41,34.40,571.80,537.40
1344,2130.67,33.40,574.20,540.80
1345,2131.92,30.60,574.70,544.10
1346,2133.17,34.20,580.30,546.10
1347,2134.43,44.60,597.50,552.90
1348,2135.68,41.50,590.10,548.60
1349,2136.93,34.90,572.10,537.20
1350,2138.18,39.50,585.80,546.30
1351,2139.43,40.50,588.30,547.80
1352,2140.68,32.20,576.00,543.80
1353,2141.93,31.70,570.80,539.10
1354,2143.18,36.20,569.00,532.80
1355,2144.43,33.80,569.70,535.90
1356,2145.68,27.70,566.80,539.10
1357,2146.93,25.20,567.40,542.20
1358,2148.18,35.30,576.40,541.10
1359,2149.42,30.80,568.60,537.80
1360,2150.67,20.90,562.80,541.90
1361,2151.91,25.40,568.00,542.60
1362,2153.16,28.90,573.30,544.40
1363,2154.40,30.00,569.10,539.10
1364,2155.65,32.00,566.10,534.10
1365,2156.89,26.40,595.00,568.60
1366,2158.13,31.20,611.80,580.60
1367,2159.38,42.90,645.30,602.40
1368,2160.62,42.80,630.80,588.00
1369,2161.86,33.50,581.30,547.80
1370,2163.10,26.80,582.10,555.30
1371,2164.34,34.00,578.50,544.50
1372,2165.58,30.30,583.80,553.50
1373,2166.82,26.10,582.10,556.00
1374,2168.06,34.00,574.60,540.60
1375,2169.29,34.50,570.60,536.10
1376,2170.53,30.20,567.20,537.00
1377,2171.77,31.00,571.40,540.40
1378,2173.01,34.00,574.10,540.10
1379,2174.24,41.30,581.40,540.10
1380,2175.48,39.60,587.60,548.00
1381,2176.71,32.90,591.10,558.20
1382,2177.95,21.20,575.60,554.40
1383,2179.18,25.70,568.60,542.90
1384,2180.41,41.00,583.20,542.20
1385,2181.64,32.20,574.30,542.10
1386,2182.88,32.30,579.00,546.70
1387,2184.11,39.70,581.10,541.40
1388,2185.34,33.50,571.10,537.60
1389,2186.57,34.90,586.90,552.00
1390,2187.80,35.60,584.60,549.00
1391,2189.03,26.60,565.30,538.70
1392,2190.26,29.70,571.10,541.40
1393,2191.49,38.40,581.10,542.70
1394,2192.71,34.40,573.10,538.70
1395,2193.94,25.80,568.20,542.40
1396,2195.17,28.90,574.30,545.40
1397,2196.40,36.70,587.50,550.80
1398,2197.62,38.10,585.80,547.70
1399,2198.85,37.50,570.60,533.10
1400,2200.07,40.00,569.00,529.00
1401,2201.30,35.20,571.20,536.00
1402,2202.52,30.90,564.50,533.60
1403,2203.74,29.70,572.60,542.90
1404,2204.97,30.70,579.20,548.50
1405,2206.19,34.60,573.90,539.30
1406,2207.41,31.60,569.00,537.40
1407,2208.63,42.20,630.40,588.20
1408,2209.85,40.00,642.90,602.90
1409,2211.07,32.30,580.70,548.40
1410,2212.29,34.80,570.70,535.90
1411,2213.51,39.80,569.50,529.70
1412,2214.73,42.50,572.90,530.40
1413,2215.95,33.90,573.70,539.80
1414,2217.16,26.70,568.30,541.60
1415,2218.38,26.10,564.20,538.10
1416,2219.60,28.00,576.80,548.80
1417,2220.81,24.50,578.40,553.90
1418,2222.03,25.50,568.90,543.40
1419,2223.24,26.60,679.10,652.50
1420,2224.46,32.00,713.30,681.30
1421,2225.67,32.60,601.60,569.00
1422,2226.89,26.30,581.30,555.00
1423,2228.10,28.40,587.20,558.80
1424,2229.31,30.20,573.40,543.20
1425,2230.52,29.40,577.60,548.20
1426,2231.73,38.60,585.30,546.70
1427,2232.95,35.00,570.70,535.70
1428,2234.16,30.50,565.70,535.20
1429,2235.37,36.20,573.30,537.10
1430,2236.58,27.40,569.50,542.10
1431,2237.78,17.70,567.20,549.50
1432,2238.99,7.10,1000.40,993.30
1433,2240.20,4.10,1063.70,1059.60
1434,2241.41,21.60,635.80,614.20
1435,2242.61,33.20,580.80,547.60
1436,2243.82,32.90,581.90,549.00
1437,2245.03,33.70,576.60,542.90
1438,2246.23,33.80,570.20,536.40
1439,2247.44,28.80,577.70,548.90
1440,2248.64,26.50,579.20,552.70
1441,2249.85,31.50,569.10,537.60
1442,2251.05,29.20,567.40,538.20
1443,2252.25,31.60,581.00,549.40
1444,2253.45,39.90,586.40,546.50
1445,2254.66,40.90,669.70,628.80
1446,2255.86,37.80,667.80,630.00
1447,2257.06,34.10,573.60,539.50
1448,2258.26,35.00,577.50,542.50
1449,2259.46,37.00,589.20,552.20
1450,2260.66,36.30,581.80,545.50
1451,2261.86,28.70,567.90,539.20
1452,2263.06,21.80,570.80,549.00
1453,2264.25,29.70,574.80,545.10
1454,2265.45,31.70,570.50,538.80
1455,2266.65,32.00,574.90,542.90
1456,2267.85,36.30,580.40,544.10
1457,2269.04,34.20,574.00,539.80
1458,2270.24,37.30,574.20,536.90
1459,2271.43,34.30,572.90,538.60
1460,2272.63,32.00,573.90,541.90
1461,2273.82,25.50,680.20,654.70
1462,2275.01,25.00,684.80,659.80
1463,2276.21,41.20,584.30,543.10
1464,2277.40,32.70,625.50,592.80
1465,2278.59,35.90,633.30,597.40
1466,2279.78,39.20,582.50,543.30
1467,2280.98,27.90,565.50,537.60
1468,2282.17,30.00,568.70,538.70
1469,2283.36,27.70,567.20,539.50
1470,2284.55,28.70,561.70,533.00
1471,2285.74,35.70,566.80,531.10
1472,2286.92,32.60,567.60,535.00
1473,2288.11,28.10,566.40,538.30
1474,2289.30,34.30,571.00,536.70
1475,2290.49,31.00,568.60,537.60
1476,2291.67,24.50,564.00,539.50
1477,2292.86,28.80,566.30,537.50
1478,2294.05,28.20,572.40,544.20
1479,2295.23,29.60,573.70,544.10
1480,2296.42,36.40,574.90,538.50
1481,2297.60,32.10,573.50,541.40
1482,2298.79,33.70,573.40,539.70
1483,2299.97,35.20,572.10,536.90
1484,2301.15,27.20,565.30,538.10
1485,2302.34,31.70,582.60,550.90
1486,2303.52,32.30,583.70,551.40
1487,2304.70,29.10,567.10,538.00
1488,2305.88,29.80,566.60,536.80
1489,2307.06,15.60,558.30,542.70
1490,2308.24,15.60,573.10,557.50
1491,2309.42,27.90,577.60,549.70
1492,2310.60,24.50,560.10,535.60
1493,2311.78,22.60,558.80,536.20
1494,2312.96,26.30,559.80,533.50
1495,2314.14,29.50,564.00,534.50
1496,2315.31,29.30,564.10,534.80
1497,2316.49,24.60,562.40,537.80
1498,2317.67,24.90,563.00,538.10
1499,2318.84,28.00,622.10,594.10
1500,2320.02,28.90,624.70,595.80
1501,2321.19,27.60,565.60,538.00
1502,2322.37,24.50,559.90,535.40
1503,2323.54,26.40,562.20,535.80
1504,2324.72,28.80,567.60,538.80
1505,2325.89,22.60,566.90,544.30
1506,2327.06,25.80,577.40,551.60
1507,2328.23,33.20,615.60,582.40
1508,2329.41,32.90,607.40,574.50
1509,2330.58,34.50,572.20,537.70
1510,2331.75,31.00,572.80,541.80
1511,2332.92,26.70,570.90,544.20
1512,2334.09,28.80,571.90,543.10
1513,2335.26,26.20,566.00,539.80
1514,2336.43,24.10,567.90,543.80
1515,2337.60,26.30,569.40,543.10
1516,2338.77,26.00,560.80,534.80
1517,2339.93,25.00,564.80,539.80
1518,2341.10,29.40,567.30,537.90
1519,2342.27,31.60,561.90,530.30
1520,2343.43,32.40,563.70,531.30
1521,2344.60,27.70,566.40,538.70
1522,2345.77,24.90,564.00,539.10
1523,2346.93,32.70,852.80,820.10
1524,2348.10,28.60,849.70,821.10
1525,2349.26,26.20,567.80,541.60
1526,2350.42,25.30,572.00,546.70
1527,2351.59,23.60,565.00,541.40
1528,2352.75,22.50,557.90,535.40
1529,2353.91,25.80,557.60,531.80
1530,2355.07,32.10,564.10,532.00
1531,2356.23,22.20,562.30,540.10
1532,2357.40,22.30,563.70,541.40
1533,2358.56,29.30,567.80,538.50
1534,2359.72,19.90,558.50,538.60
1535,2360.88,19.40,553.10,533.70
1536,2362.04,19.90,645.30,625.40
1537,2363.19,14.80,646.00,631.20
1538,2364.35,35.90,1559.00,1523.10
1539,2365.51,39.70,1562.10,1522.40
1540,2366.67,19.50,561.10,541.60
1541,2367.83,20.80,563.00,542.20
1542,2368.98,27.70,580.80,553.10
1543,2370.14,26.10,572.40,546.30
1544,2371.29,21.70,568.40,546.70
1545,2372.45,23.20,574.50,551.30
1546,2373.60,24.10,564.10,540.00
1547,2374.76,27.60,575.50,547.90
1548,2375.91,23.40,568.20,544.80
1549,2377.07,17.60,556.70,539.10
1550,2378.22,21.60,697.00,675.40
1551,2379.37,22.80,693.10,670.30
1552,2380.52,14.40,762.00,747.60
1553,2381.68,15.50,766.20,750.70
1554,2382.83,30.00,566.10,536.10
1555,2383.98,27.60,934.80,907.20
1556,2385.13,21.60,933.80,912.20
1557,2386.28,29.10,571.20,542.10
1558,2387.43,34.30,573.20,538.90
1559,2388.58,25.90,562.80,536.90
1560,2389.73,22.00,557.90,535.90
1561,2390.87,25.70,562.00,536.30
1562,2392.02,22.10,1147.60,1125.50
1563,2393.17,23.60,1157.30,1133.70
1564,2394.32,28.70,571.80,543.10
1565,2395.46,23.60,565.70,542.10
1566,2396.61,20.40,569.00,548.60
1567,2397.75,12.60,822.40,809.80
1568,2398.90,10.30,815.10,804.80
1569,2400.04,19.70,554.40,534.70
1570,2401.19,21.40,561.20,539.80
1571,2402.33,27.90,645.50,617.60
1572,2403.48,28.50,640.80,612.30
1573,2404.62,20.90,558.40,537.50
1574,2405.76,23.60,556.60,533.00
1575,2406.90,31.20,612.70,581.50
1576,2408.05,28.20,627.30,599.10
1577,2409.19,25.90,578.40,552.50
1578,2410.33,27.30,574.70,547.40
1579,2411.47,23.00,577.50,554.50
1580,2412.61,21.70,577.80,556.10
1581,2413.75,26.10,574.50,548.40
1582,2414.89,24.50,563.50,539.00
1583,2416.03,25.40,557.20,531.80
1584,2417.17,26.50,741.30,714.80
1585,2418.30,23.30,744.70,721.40
1586,2419.44,29.10,575.20,546.10
1587,2420.58,20.40,571.10,550.70
1588,2421.72,18.10,565.50,547.40
1589,2422.85,23.70,565.10,541.40
1590,2423.99,24.30,557.80,533.50
1591,2425.12,15.40,718.00,702.60
1592,2426.26,22.60,809.50,786.90
1593,2427.39,32.70,653.70,621.00
1594,2428.53,20.40,563.00,542.60
1595,2429.66,19.30,558.70,539.40
1596,2430.80,30.90,643.80,612.90
1597,2431.93,27.50,643.40,615.90
1598,2433.06,18.40,559.00,540.60
1599,2434.19,27.20,562.20,535.00
1600,2435.33,25.90,560.20,534.30
1601,2436.46,19.10,553.70,534.60
1602,2437.59,19.90,552.10,532.20
1603,2438.72,22.70,551.50,528.80
1604,2439.85,24.00,553.70,529.70
1605,2440.98,21.00,557.30,536.30
1606,2442.11,17.50,555.80,538.30
1607,2443.24,24.40,565.60,541.20
1608,2444.37,25.30,569.20,543.90
1609,2445.49,16.80,569.70,552.90
1610,2446.62,15.30,566.60,551.30
1611,2447.75,18.50,557.80,539.30
1612,2448.88,17.00,553.30,536.30
1613,2450.00,19.70,551.50,531.80
1614,2451.13,38.80,573.50,534.70
1615,2452.25,29.50,576.20,546.70
1616,2453.38,7.50,618.20,610.70
1617,2454.50,17.00,618.50,601.50
1618,2455.63,25.70,564.00,538.30
1619,2456.75,25.30,568.80,543.50
1620,2457.88,21.00,626.20,605.20
1621,2459.00,14.80,620.70,605.90
1622,2460.12,20.90,563.70,542.80
1623,2461.25,25.20,562.70,537.50
1624,2462.37,20.40,562.20,541.80
1625,2463.49,7.60,713.30,705.70
1626,2464.61,19.40,716.30,696.90
1627,2465.73,30.20,558.00,527.80
1628,2466.85,24.80,640.20,615.40
1629,2467.97,26.80,649.50,622.70
1630,2469.09,21.10,558.20,537.10
1631,2470.21,26.50,672.90,646.40
1632,2471.33,26.40,673.90,647.50
1633,2472.45,18.70,555.30,536.60
1634,2473.57,17.40,556.40,539.00
1635,2474.68,23.10,561.10,538.00
1636,2475.80,28.10,559.80,531.70
1637,2476.92,25.70,562.40,536.70
1638,2478.04,18.90,570.80,551.90
1639,2479.15,15.10,624.80,609.70
1640,2480.27,16.80,616.40,599.60
1641,2481.38,21.60,552.60,531.00
1642,2482.50,23.00,553.60,530.60
1643,2483.61,15.50,553.30,537.80
1644,2484.73,18.00,554.40,536.40
1645,2485.84,22.80,564.70,541.90
1646,2486.95,17.60,564.20,546.60
1647,2488.07,16.40,564.80,548.40
1648,2489.18,16.70,562.10,545.40
1649,2490.29,20.50,555.20,534.70
1650,2491.40,24.90,574.40,549.50
1651,2492.51,29.00,580.00,551.00
1652,2493.63,27.50,563.50,536.00
1653,2494.74,19.30,569.80,550.50
1654,2495.85,18.20,568.10,549.90
1655,2496.96,16.50,556.30,539.80
1656,2498.07,20.60,563.20,542.60
1657,2499.18,20.10,560.40,540.30
1658,2500.28,17.20,560.10,542.90
1659,2501.39,24.00,561.80,537.80
1660,2502.50,20.20,552.00,531.80
1661,2503.61,21.80,552.60,530.80
1662,2504.72,21.60,566.50,544.90
1663,2505.82,20.60,567.50,546.90
1664,2506.93,22.50,561.20,538.70
1665,2508.03,12.80,556.90,544.10
1666,2509.14,10.50,548.70,538.20
1667,2510.25,14.50,556.60,542.10
1668,2511.35,18.90,569.50,550.60
1669,2512.46,16.10,560.30,544.20
1670,2513.56,19.30,555.10,535.80
1671,2514.66,24.30,562.20,537.90
1672,2515.77,20.10,614.90,594.80
1673,2516.87,16.80,609.40,592.60
1674,2517.97,13.30,550.00,536.70
1675,2519.08,15.20,557.30,542.10
1676,2520.18,18.10,556.90,538.80
1677,2521.28,13.50,553.40,539.90
1678,2522.38,7.50,553.20,545.70
1679,2523.48,2.30,601.00,598.70
1680,2524.58,12.20,610.40,598.20
1681,2525.68,25.70,567.40,541.70
1682,2526.78,21.70,572.80,551.10
1683,2527.88,17.50,562.80,545.30
1684,2528.98,16.00,552.00,536.00
1685,2530.08,19.10,557.60,538.50
1686,2531.18,23.30,565.10,541.80
1687,2532.27,21.10,563.70,542.60
1688,2533.37,11.00,562.40,551.40
1689,2534.47,12.10,563.10,551.00
1690,2535.56,18.40,553.50,535.10
1691,2536.66,13.70,551.90,538.20
1692,2537.76,17.60,553.50,535.90
1693,2538.85,21.90,552.80,530.90
1694,2539.95,27.40,561.50,534.10
1695,2541.04,29.90,566.30,536.40
1696,2542.14,19.80,555.00,535.20
1697,2543.23,19.50,550.30,530.80
1698,2544.33,33.10,616.40,583.30
1699,2545.42,30.60,617.30,586.70
1700,2546.51,16.20,557.60,541.40
1701,2547.60,19.50,558.70,539.20
1702,2548.70,24.20,556.70,532.50
1703,2549.79,18.30,553.80,535.50
1704,2550.88,15.00,550.60,535.60
1705,2551.97,16.40,549.50,533.10
1706,2553.06,17.60,554.90,537.30
1707,2554.15,13.40,558.10,544.70
1708,2555.24,16.30,554.80,538.50
1709,2556.33,19.50,552.00,532.50
1710,2557.42,14.50,554.70,540.20
1711,2558.51,15.50,555.80,540.30
1712,2559.60,17.90,554.20,536.30
1713,2560.69,19.70,557.80,538.10
1714,2561.78,29.30,562.20,532.90
1715,2562.86,28.90,559.00,530.10
1716,2563.95,18.70,553.10,534.40
1717,2565.04,15.30,552.60,537.30
1718,2566.13,28.60,910.60,882.00
1719,2567.21,31.10,912.10,881.00
1720,2568.30,13.70,547.00,533.30
1721,2569.38,11.60,542.80,531.20
1722,2570.47,21.00,553.40,532.40
1723,2571.55,22.60,560.60,538.00
1724,2572.64,17.40,564.60,547.20
1725,2573.72,16.20,562.70,546.50
1726,2574.81,20.10,564.20,544.10
1727,2575.89,23.90,560.70,536.80
1728,2576.97,18.50,560.20,541.70
1729,2578.05,15.60,567.90,552.30
1730,2579.14,12.50,553.60,541.10
1731,2580.22,13.00,548.80,535.80
1732,2581.30,20.30,557.00,536.70
1733,2582.38,17.60,556.50,538.90
1734,2583.46,13.70,555.60,541.90
1735,2584.54,14.40,553.30,538.90
1736,2585.62,17.00,551.10,534.10
1737,2586.70,22.10,555.80,533.70
1738,2587.78,21.90,645.00,623.10
1739,2588.86,12.50,640.10,627.60
1740,2589.94,7.30,549.10,541.80
1741,2591.02,10.90,550.10,539.20
1742,2592.10,8.00,771.40,763.40
1743,2593.18,16.60,777.00,760.40
1744,2594.25,22.70,552.70,530.00
1745,2595.33,14.00,546.60,532.60
1746,2596.41,12.60,562.50,549.90
1747,2597.48,20.40,566.20,545.80
1748,2598.56,21.40,565.30,543.90
1749,2599.64,8.70,558.70,550.00
1750,2600.71,6.30,545.50,539.20
1751,2601.79,15.40,550.40,535.00
1752,2602.86,20.60,554.70,534.10
1753,2603.94,14.50,549.90,535.40
1754,2605.01,9.90,548.80,538.90
1755,2606.08,11.10,556.50,545.40
1756,2607.16,14.00,556.90,542.90
1757,2608.23,16.70,550.50,533.80
1758,2609.30,16.20,552.00,535.80
1759,2610.37,16.70,557.90,541.20
1760,2611.45,17.20,559.40,542.20
1761,2612.52,16.80,556.60,539.80
1762,2613.59,19.60,550.60,531.00
1763,2614.66,23.50,552.50,529.00
1764,2615.73,13.40,546.60,533.20
1765,2616.80,5.30,543.10,537.80
1766,2617.87,9.60,551.80,542.20
1767,2618.94,10.30,553.60,543.30
1768,2620.01,-5.10,840.00,845.10
1769,2621.08,-3.80,838.10,841.90
1770,2622.15,4.20,601.20,597.00
1771,2623.22,4.40,603.00,598.60
1772,2624.28,11.00,556.30,545.30
1773,2625.35,14.50,554.30,539.80
1774,2626.42,14.10,544.40,530.30
1775,2627.49,7.90,540.90,533.00
1776,2628.55,13.30,773.20,759.90
1777,2629.62,15.20,776.20,761.00
1778,2630.69,12.20,555.60,543.40
1779,2631.75,11.60,568.30,556.70
1780,2632.82,10.10,559.30,549.20
1781,2633.88,7.70,545.70,538.00
1782,2634.95,4.00,552.00,548.00
1783,2636.01,10.40,553.80,543.40
1784,2637.08,14.80,550.00,535.20
1785,2638.14,9.40,545.50,536.10
1786,2639.20,13.70,552.80,539.10
1787,2640.27,15.80,556.90,541.10
1788,2641.33,12.70,546.30,533.60
1789,2642.39,8.60,552.50,543.90
1790,2643.45,13.10,562.90,549.80
1791,2644.51,17.10,557.20,540.10
1792,2645.58,11.50,559.00,547.50
1793,2646.64,12.90,557.60,544.70
1794,2647.70,12.60,549.10,536.50
1795,2648.76,10.30,546.90,536.60
1796,2649.82,6.80,547.50,540.70
1797,2650.88,12.30,555.80,543.50
1798,2651.94,14.00,552.70,538.70
1799,2653.00,12.00,566.80,554.80
1800,2654.06,12.00,576.60,564.60
1801,2655.12,11.60,561.00,549.40
1802,2656.17,14.70,554.40,539.70
1803,2657.23,12.90,550.90,538.00
1804,2658.29,8.70,550.80,542.10
1805,2659.35,3.60,543.70,540.10
1806,2660.40,2.20,540.70,538.50
1807,2661.46,6.80,546.30,539.50
1808,2662.52,9.40,750.10,740.70
1809,2663.57,11.20,751.70,740.50
1810,2664.63,18.30,558.00,539.70
1811,2665.68,16.40,558.20,541.80
1812,2666.74,11.40,547.50,536.10
1813,2667.79,16.40,548.70,532.30
1814,2668.85,13.50,550.30,536.80
1815,2669.90,10.40,574.60,564.20
1816,2670.96,10.40,571.40,561.00
1817,2672.01,15.30,550.40,535.10
1818,2673.06,19.10,559.90,540.80
1819,2674.12,14.50,555.60,541.10
1820,2675.17,7.60,545.60,538.00
1821,2676.22,-1.10,540.20,541.30
1822,2677.27,2.30,540.10,537.80
1823,2678.32,6.50,545.60,539.10
1824,2679.38,14.20,552.90,538.70
1825,2680.43,18.40,550.40,532.00
1826,2681.48,7.30,662.00,654.70
1827,2682.53,6.10,666.10,660.00
1828,2683.58,10.80,555.30,544.50
1829,2684.63,9.60,555.20,545.60
1830,2685.68,14.70,559.90,545.20
1831,2686.73,13.50,558.40,544.90
1832,2687.78,7.60,552.30,544.70
1833,2688.82,11.60,552.00,540.40
1834,2689.87,11.50,550.30,538.80
1835,2690.92,12.00,553.80,541.80
1836,2691.97,14.60,560.30,545.70
1837,2693.02,11.50,604.50,593.00
1838,2694.06,12.90,598.00,585.10
1839,2695.11,14.70,548.30,533.60
1840,2696.16,7.70,543.80,536.10
1841,2697.20,9.20,546.50,537.30
1842,2698.25,12.50,547.40,534.90
1843,2699.29,12.60,557.20,544.60
1844,2700.34,21.50,564.70,543.20
1845,2701.38,23.10,1103.60,1080.50
1846,2702.43,16.30,1101.60,1085.30
1847,2703.47,13.40,557.10,543.70
1848,2704.52,6.10,554.20,548.10
1849,2705.56,3.00,544.30,541.30
1850,2706.60,14.90,550.30,535.40
1851,2707.65,19.10,604.30,585.20
1852,2708.69,7.20,652.20,645.00
1853,2709.73,10.40,605.10,594.70
1854,2710.77,20.60,561.20,540.60
1855,2711.82,15.60,563.50,547.90
1856,2712.86,13.10,556.50,543.40
1857,2713.90,12.80,552.50,539.70
1858,2714.94,13.90,551.10,537.20
1859,2715.98,13.40,549.40,536.00
1860,2717.02,11.90,551.10,539.20
1861,2718.06,12.20,547.00,534.80
1862,2719.10,17.90,549.90,532.00
1863,2720.14,23.00,553.90,530.90
1864,2721.18,25.30,564.10,538.80
1865,2722.22,25.90,569.30,543.40
1866,2723.26,19.80,555.20,535.40
1867,2724.30,17.50,556.00,538.50
1868,2725.33,10.50,558.20,547.70
1869,2726.37,4.40,550.40,546.00
1870,2727.41,7.60,545.40,537.80
1871,2728.45,12.50,551.60,539.10
1872,2729.48,12.40,551.60,539.20
1873,2730.52,12.20,546.10,533.90
1874,2731.56,11.20,550.40,539.20
1875,2732.59,14.80,557.30,542.50
1876,2733.63,15.90,560.30,544.40
1877,2734.66,14.50,561.00,546.50
1878,2735.70,17.30,561.00,543.70
1879,2736.73,7.10,780.80,773.70
1880,2737.77,3.00,777.50,774.50
1881,2738.80,10.20,552.30,542.10
1882,2739.84,10.40,554.40,544.00
1883,2740.87,10.40,556.50,546.10
1884,2741.91,14.40,560.20,545.80
1885,2742.94,14.60,561.40,546.80
1886,2743.97,14.70,556.60,541.90
1887,2745.00,22.10,561.60,539.50
1888,2746.04,23.30,563.70,540.40
1889,2747.07,16.60,570.00,553.40
1890,2748.10,15.50,569.30,553.80
1891,2749.13,18.80,564.10,545.30
1892,2750.16,17.60,564.30,546.70
1893,2751.19,13.80,563.20,549.40
1894,2752.23,15.60,563.70,548.10
1895,2753.26,22.00,572.10,550.10
1896,2754.29,26.40,573.50,547.10
1897,2755.32,27.30,570.20,542.90
1898,2756.34,21.80,567.90,546.10
1899,2757.37,17.80,563.80,546.00
1900,2758.40,19.30,560.60,541.30
1901,2759.43,12.20,553.30,541.10
1902,2760.46,10.50,551.40,540.90
1903,2761.49,17.50,554.50,537.00
1904,2762.52,13.30,554.20,540.90
1905,2763.54,19.70,561.60,541.90
1906,2764.57,22.20,564.90,542.70
1907,2765.60,10.70,560.50,549.80
1908,2766.63,12.30,564.20,551.90
1909,2767.65,16.50,558.00,541.50
1910,2768.68,15.70,556.30,540.60
1911,2769.70,15.40,562.70,547.30
1912,2770.73,21.50,562.00,540.50
1913,2771.76,21.50,569.00,547.50
1914,2772.78,2.30,1010.10,1007.80
1915,2773.81,5.30,1007.70,1002.40
1916,2774.83,28.30,603.90,575.60
1917,2775.85,21.40,592.00,570.60
1918,2776.88,9.20,567.80,558.60
1919,2777.90,14.90,571.80,556.90
1920,2778.93,21.70,562.70,541.00
1921,2779.95,17.00,574.70,557.70
1922,2780.97,18.50,580.10,561.60
1923,2781.99,29.70,575.30,545.60
1924,2783.02,24.60,571.80,547.20
1925,2784.04,23.60,577.10,553.50
1926,2785.06,33.10,650.60,617.50
1927,2786.08,28.30,642.10,613.80
1928,2787.10,30.60,574.60,544.00
1929,2788.13,29.10,617.70,588.60
1930,2789.15,25.60,629.30,603.70
1931,2790.17,31.10,589.90,558.80
1932,2791.19,25.60,572.00,546.40
1933,2792.21,27.70,569.00,541.30
1934,2793.23,30.60,570.60,540.00
1935,2794.25,30.80,583.70,552.90
1936,2795.27,27.80,586.10,558.30
1937,2796.28,18.00,569.10,551.10
1938,2797.30,56.80,637.60,580.80
1939,2798.32,61.20,643.40,582.20
1940,2799.34,28.30,581.00,552.70
1941,2800.36,26.20,663.20,637.00
1942,2801.38,23.20,657.20,634.00
1943,2802.39,29.10,579.20,550.10
1944,2803.41,33.00,592.30,559.30
1945,2804.43,41.60,598.40,556.80
1946,2805.44,26.90,748.30,721.40
1947,2806.46,16.00,1019.20,1003.20
1948,2807.48,31.00,856.50,825.50
1949,2808.49,29.10,582.70,553.60
1950,2809.51,22.60,586.20,563.60
1951,2810.52,22.60,586.20,563.60
